,dim 1,dim 2,dim 3,dim 4
0,-0.08991778,0.7384353,-0.061306614,1.7986848
1,-0.5275933,-0.20111942,0.9569316,1.3885642
2,1.6286556,-1.1345148,0.45009354,-0.18014106
3,2.1752243,-1.459549,0.4314502,-1.3788548
4,0.89744025,-1.5210358,1.3354486,-0.7172041
5,1.6752758,0.5246758,-1.1367013,0.28284252
6,0.22836903,-0.019027632,0.3473658,1.2314363
7,1.1145476,-0.638549,0.3517907,0.54012364
8,1.1992582,-0.71185803,0.35947773,-0.16807446
9,-0.2367516,0.28557813,0.3782927,1.6397262
10,0.4381187,0.30076545,-0.18258336,1.0214608
11,0.42359757,0.31911975,-0.090006866,1.3108553
12,0.20117916,0.11843689,0.26559252,1.5525112
13,0.51407415,-0.28174073,0.40389726,0.9519777
14,1.5971953,0.50742674,-1.0956352,0.31458527
15,0.29249197,-0.102014296,0.3228104,0.9947723
16,1.2722715,-1.2108879,0.71037626,-0.09804377
17,1.2527335,-1.0861692,0.6237143,-0.025780156
18,0.63448745,-1.1522095,1.138434,0.27897388
19,0.44972938,-0.45794243,0.61218524,1.0753784
20,0.7717023,-0.32271576,0.29482138,0.935732
21,1.3741316,-2.2489402,1.8710625,-1.5536147
22,-0.20225202,0.34699935,0.29494098,1.6298063
23,1.1246686,-1.0005019,0.6788634,0.268107
24,0.66592044,-0.650579,0.64903593,0.70279485
25,0.6256405,0.056454338,0.04488775,1.0431073
26,0.8054943,-0.10784117,0.05217251,0.9869118
27,1.2293438,-0.40572524,0.060844816,0.41661036
28,0.98552245,0.058015727,-0.20078564,0.98061645
29,-0.364761,1.6117357,-0.79897004,1.8889582
30,0.26546776,0.1721277,0.18574235,1.4245906
31,0.7384966,-0.25459993,0.20059726,0.74019283
32,1.1573341,-0.5755833,0.25648245,0.5460746
33,0.7650094,0.4444322,-0.52900505,0.36524665
34,1.1295211,0.5224327,-0.72283655,0.84791946
35,1.4100254,-0.71019375,0.21413168,0.13136561
36,-0.2674145,-0.8245744,1.430491,1.2678094
37,0.26558834,0.2719456,0.09441016,1.2083155
38,0.7126146,-0.4722998,0.4508749,0.67817146
39,2.1207395,0.9058919,-1.8502995,-0.040372014
40,0.40040332,0.61960334,-0.56754076,0.8793739
41,0.6731533,-0.71938694,0.73560506,0.91002345
42,0.31351858,-1.0246404,1.2353328,0.5036502
43,2.1891646,0.20109417,-1.1786308,-0.27223402
44,1.1659926,-0.4375648,0.10729269,0.27569652
45,1.3629562,0.17282102,-0.54769355,0.54406047
46,1.4268881,-0.39723265,-0.09607683,0.29221493
47,1.1364175,-0.99161756,0.66540134,0.22686265
48,2.0459654,-0.78960496,-0.1841949,-0.46211952
49,1.2249025,-0.4284556,0.0240007,0.24691729
50,0.34093434,-1.0725855,1.2403669,0.7702591
51,0.7497306,0.06750114,-0.07992145,0.78177243
52,1.898425,-0.1475235,-0.63398266,0.020748481
53,0.438119,-0.46732545,0.636411,0.69918907
54,0.5674021,-0.9793795,0.95641536,0.43701315
55,1.1416181,-1.3644272,0.9890033,-0.20305325
56,0.82654124,0.47173125,-0.55597353,0.73506534
57,0.1133695,0.16112874,0.2435247,1.3995069
58,-0.4874851,0.28351897,0.49876907,1.7491916
59,0.46890098,-0.46916318,0.577285,0.99147
60,0.56215155,0.5166661,-0.33405736,1.5145091
61,-0.3642497,-0.2180197,0.9541872,1.5940017
62,0.6697711,-0.30471897,0.3245415,0.8851558
63,0.9552766,0.1136968,-0.36987415,0.3468297
64,-0.03964057,-0.3415826,0.825404,1.2762237
65,0.6459489,0.36397934,-0.32873216,1.027506
66,1.242008,-0.50673455,0.10725888,0.23482351
67,1.2266866,-0.62170714,0.2533859,0.10179792
68,0.70911366,-0.011396704,-0.08009376,0.50568783
69,0.15526924,-0.60521567,0.9459413,0.8431282
70,-0.6564631,-0.576996,1.4826962,1.8854864
71,0.8250215,1.60746,-1.5930619,1.0189481
72,0.50190276,-0.4039237,0.45894176,0.641574
73,0.47610176,-0.057455976,0.10630926,0.87665105
74,0.695196,-0.6339951,0.589501,0.7411336
75,0.2616821,-0.5118234,0.82355547,1.0103204
76,0.31069908,-0.88393635,1.0933996,0.92112446
77,1.1919807,-0.23673473,-0.08487623,0.55819005
78,1.6989733,0.14785056,-0.7511676,0.31121957
79,-0.4524765,0.26970136,0.5424158,1.8621686
80,0.6425417,-0.40366852,0.36651224,0.3907599
81,-0.5889718,0.33839756,0.5316452,1.7821729
82,0.7130128,-0.3750738,0.3724489,0.97060204
83,1.0243711,-1.1391635,0.903675,0.52801424
84,1.5451845,-0.031439025,-0.46651557,0.41474342
85,0.45566446,0.36437893,-0.17968163,1.3233082
86,0.8868111,-0.070156686,-0.051779345,0.68533075
87,1.335733,2.0135968,-2.3216367,0.9003407
88,0.8636863,-0.56948346,0.4248745,0.61566687
89,0.8782147,-0.6218083,0.49565163,0.7194132
90,1.8501122,0.14905508,-0.9400813,0.014450416
91,1.3721083,-0.3636378,-0.06982558,0.3860299
92,1.1059672,0.21031077,-0.4213839,0.7874816
93,1.4014946,-1.2500514,0.670888,-0.22796164
94,0.4239028,0.6762822,-0.5127932,0.6489448
95,1.0049446,0.086171255,-0.25309232,0.7685805
96,0.74316823,-0.02894583,0.0063291565,0.819008
97,0.89926815,-0.08148606,-0.03750045,0.6573223
98,1.0929586,0.020800792,-0.34641093,0.03173177
99,1.3459834,-1.4531423,0.8985826,-0.034543067
100,0.33734602,-0.11994994,0.3862849,1.1032962
101,1.0451468,-0.15472902,-0.05842941,0.578966
102,1.0559702,-0.6274812,0.38413072,0.35558695
103,1.1191095,-0.15248156,-0.1526328,0.45805752
104,0.6524884,-0.418796,0.39360338,0.7313303
105,1.0315168,-0.60575116,0.37675545,0.47565895
106,0.8058086,-0.42779464,0.3212978,0.67676353
107,0.48078567,-0.26926118,0.36871284,0.8104149
108,1.0327287,0.4467737,-0.67051154,0.5097872
109,0.97940177,-0.51596594,0.30333087,0.23156829
110,1.3306559,-0.9691839,0.50518787,-0.28473255
111,-0.07144627,-1.0338659,1.4513112,1.0182753
112,0.07245125,0.6700277,-0.19163826,1.4714496
113,-0.39893824,0.15552814,0.55881846,1.5570798
114,1.3440312,1.4860287,-1.8003333,0.80992806
115,-0.42344135,1.1707554,-0.4587524,1.6448872
116,0.9493693,-0.23537852,0.09787933,0.85117865
117,0.7552752,-0.8588605,0.7714638,0.5822825
118,1.4207813,1.1816344,-1.5751908,0.69704324
119,0.2167127,0.6909861,-0.3374738,1.381744
120,0.13372746,-0.08906335,0.47173163,1.2698367
121,0.93856496,-1.1776918,0.9889307,-0.122493386
122,2.2386863,-0.445458,-0.57225513,-0.3829531
123,0.7238132,0.94889295,-0.90161103,1.0816131
124,1.0451925,0.10232772,-0.32672676,0.6644934
125,0.44729823,0.32618958,-0.2610594,0.9771465
126,1.3671576,0.5033211,-0.9017138,0.46250635
127,1.8477683,1.6884328,-2.3809283,0.36340678
128,1.2755067,0.34489977,-0.7980259,0.20332195
129,0.43153715,-0.83073205,1.0091897,0.4927646
130,0.14646141,1.8492258,-1.2596163,1.7435895
131,1.4134789,1.4474298,-1.865733,0.62327516
132,1.4113424,0.38267893,-0.75448865,0.61037594
133,-0.42395443,-0.44006407,1.184587,1.4236054
134,0.50095564,0.86829185,-0.70363414,1.0243186
135,0.6110797,-0.058550198,0.11801078,0.973235
136,0.1147618,0.038576424,0.30143014,1.0889976
137,1.5011071,-0.7898508,0.26881066,0.19531636
138,1.9850714,-0.43099058,-0.4330879,-0.21041745
139,0.6113225,0.17859237,-0.13349494,0.93171763
140,0.68156856,0.75484693,-0.6678309,1.2402251
141,1.3679942,0.05729793,-0.4398589,0.55696684
142,0.078050435,0.48693818,-0.02630334,1.5477865
143,0.034777697,-0.26176342,0.6849222,1.2497295
144,0.23700584,-0.3950867,0.59248376,0.8758179
145,1.8931983,0.28046232,-1.0833535,-0.15509251
146,1.6696898,-0.28689575,-0.39227697,-0.009722233
147,1.2086247,-0.87842447,0.4972383,0.27003264
148,1.2002766,0.32164818,-0.62979513,0.43048352
149,0.72883916,-0.23112322,0.23820606,0.85241854
150,0.717107,-0.53300923,0.40693814,0.48650634
151,0.98195803,-0.20099036,-0.0305844,0.3325107
152,1.1419212,0.04250907,-0.31842068,0.59800416
153,0.39602768,1.149631,-0.7722152,1.5994545
154,0.40247613,-0.33139992,0.51974815,1.0489918
155,-0.14309771,-0.98789966,1.5072079,1.2181773
156,1.4519277,-0.09501237,-0.37669536,0.19533662
157,0.31426883,-0.30116737,0.5535007,1.2935593
158,0.50455755,0.6566901,-0.72054136,0.76123565
159,0.8102351,-0.59632695,0.51317954,0.6527376
160,0.245428,0.097682,0.19139096,1.0945477
161,0.9908107,-0.51429796,0.3113118,0.16137661
162,1.1476641,0.20506202,-0.49469772,0.54934436
163,0.18812673,0.4326474,-0.030790461,1.3206102
164,0.7216564,-0.20575556,0.20808008,0.9123672
165,0.74213684,0.5852464,-0.5187462,1.1696047
166,1.4047825,0.34977382,-0.8054431,0.37811667
167,0.5152411,0.09839775,0.046805717,1.108963
168,0.19006982,0.2989421,-0.017682204,1.160103
169,0.6016267,0.9773866,-0.93338954,0.8023437
170,0.31292439,0.21138997,0.04689703,1.0891308
171,1.1568433,-0.1488271,-0.14891168,0.37079716
172,0.8782595,-0.22729847,0.057164624,0.55972046
173,0.41016316,1.0618577,-0.7636061,1.5084993
174,1.5499147,-0.1689331,-0.3392406,0.45378333
175,0.117834955,0.48813862,-0.024798065,1.5130135
176,1.5028721,-0.31495398,-0.19823879,0.24806185
177,0.62956554,1.5643457,-1.3995863,1.5028824
178,0.88990015,1.069059,-1.1174046,1.0705959
179,0.77154183,0.4687695,-0.50917786,0.97338486
180,1.1028155,-0.24801788,-0.013984198,0.4507168
181,0.84162074,0.15529738,-0.24467182,0.22748317
182,1.1238939,1.1215116,-1.2773058,1.0024825
183,-0.023958616,-0.58480567,1.0385545,1.2613677
184,1.5896543,-0.2241385,-0.40672588,-0.0044518113
185,1.492297,-0.48040652,-0.06631524,0.15082656
186,1.3021963,0.879625,-1.2968255,0.410814
187,0.43767905,0.3009559,-0.31499076,0.6726732
188,-0.4589401,0.08543055,0.66689885,1.4459832
189,0.54638964,0.7437123,-0.58209646,1.2239681
190,1.0125555,0.01743836,-0.32298225,0.2528392
191,0.0013867766,0.2162868,0.2956252,1.2985343
192,0.6428783,0.91352475,-0.90974647,0.6184496
193,1.5339656,0.39369732,-0.91951835,0.39346868
194,-0.047047853,-1.9708803,2.3497365,0.60034955
195,0.9038761,0.45310825,-0.5581891,0.796134
196,-0.3575837,0.4380517,0.29831845,1.7932186
197,0.44884485,-0.033477444,0.06597039,0.17314063
198,1.7223749,0.1790208,-0.8352636,-0.2920585
199,1.6690118,0.5727927,-1.203593,0.13515554
200,0.6551848,1.1296563,-1.2645416,0.771099
201,0.99520177,-0.772038,0.46700868,0.1917801
202,1.0354946,0.5448332,-0.7001714,0.87052715
203,0.5882232,-0.9376688,0.97345114,0.48908943
204,1.0428969,0.47543383,-0.70531,0.63160694
205,0.70679253,-0.1000129,-0.05989701,0.6823925
206,0.689613,-0.5841634,0.5891878,0.7747639
207,1.3939555,0.71137094,-1.1527287,0.5108471
208,1.3729286,0.35719967,-0.7866693,0.46468556
209,0.7547031,0.13363272,-0.17667407,0.8648478
210,0.84921926,-0.73654723,0.5464764,0.2617947
211,0.7201866,-0.55768925,0.49621353,0.6334573
212,1.5415226,0.93571824,-1.4245225,0.5782689
213,0.84634554,-0.40850425,0.3127998,0.8068048
214,0.9374312,0.5860707,-0.74154806,0.93516874
215,1.0386524,-0.3651116,0.09865038,0.45879382
216,1.2823644,0.12170544,-0.5181971,0.6273436
217,-0.40080297,-0.07804456,0.84621364,1.7775857
218,0.9393795,-0.29689896,0.1305385,0.68532306
219,0.90127456,-0.795506,0.6327955,0.32201862
220,0.045618482,-0.54725116,0.95858234,1.0617615
221,2.1928852,0.6791596,-1.6277974,-0.05915585
222,0.27678764,0.121208906,0.15136546,1.1407641
223,0.10976877,0.24944602,0.13417846,1.3539057
224,0.732115,0.39217663,-0.38841975,0.9019207
225,1.035612,-0.5829517,0.37007472,0.5830155
226,1.9730488,-0.5750511,-0.35461715,-0.42749906
227,2.2072043,-1.0653418,-0.08718308,-1.061901
228,-0.59271884,0.16981633,0.73256665,1.8109272
229,0.4261673,0.4338019,-0.27039158,1.0383866
230,1.4065007,-0.31511295,-0.13675739,0.46193498
231,-0.2513429,-0.5034031,1.1491699,1.5863314
232,0.96736974,0.69937146,-0.95170736,0.43835163
233,0.31799644,0.34215605,-0.10392627,0.97592044
234,-0.30404657,-0.97295415,1.6063687,1.3645332
235,0.6300469,0.089762285,-0.11222,0.80089426
236,1.4186392,-0.61999124,0.077852644,-0.036851063
237,-0.20157145,-0.28460133,0.83400446,1.030003
238,1.6078014,-1.4293731,0.6816158,-1.3627619
239,0.9143939,0.7254974,-0.90378606,0.34480166
240,2.11888,-0.6001595,-0.3537171,-0.5712323
241,1.6109606,0.23447178,-0.8942789,-0.13699082
242,0.5256651,-0.54483,0.6307737,0.8055705
243,1.2811586,0.7659968,-1.118617,0.6558108
244,0.69165677,0.71727103,-0.63548577,1.1033238
245,0.36154473,-0.112806775,0.32970864,1.1086152
246,0.32289732,1.2231002,-0.9374666,1.2947931
247,-0.41158378,0.19764656,0.46485072,0.7855539
248,0.22526258,0.6695452,-0.36453655,0.32651377
249,1.3597428,0.23159952,-0.63840044,0.051659092
250,0.5417152,-0.19072366,0.26537144,0.64554465
251,0.84334517,0.6725448,-0.7793403,0.60112643
252,1.3680807,-0.72148883,0.24849826,-0.051861107
253,0.39996195,-0.06396292,0.30723056,1.2118477
254,0.23293914,-0.0151167475,0.3707215,1.2059066
255,0.442106,0.2884261,-0.07476275,1.2465407
256,0.58568865,1.4053364,-1.2607414,1.2643487
257,0.3730526,1.0813838,-0.7221642,1.622699
258,0.7684143,0.83724695,-0.83862036,1.0640798
259,0.6050545,1.119898,-0.95142275,1.3543535
260,1.1945002,-1.7032253,1.3018497,0.19067825
261,-0.26540524,0.17734306,0.4225193,1.4667637
262,-0.26581186,0.23066716,0.4546672,1.7512699
263,0.85132533,0.5016835,-0.49453908,1.1582594
264,-0.41901696,0.20093846,0.56870383,1.6199397
265,1.6133662,-0.6176922,0.016609136,-0.5095548
266,1.1946554,0.21573316,-0.5676597,0.5452531
267,0.516404,0.14971015,0.053979762,1.1607583
268,1.0484809,0.86596394,-0.9850243,1.0907454
269,0.5852545,0.7620658,-0.601739,1.1540911
270,1.8754448,0.17974396,-0.93986243,0.16290279
271,0.8642247,0.10932362,-0.21311611,0.69940597
272,1.1095027,-0.1428912,-0.12218413,0.5116251
273,0.1619739,-0.06451143,0.34998506,0.67074156
274,0.16380638,-1.2469449,1.5179411,0.5464209
275,0.34582877,1.2322783,-0.8781607,1.6677836
276,0.43841493,0.2482727,-0.03243943,1.197083
277,1.0359074,-0.19515672,-0.01160413,0.6130371
278,0.8923294,0.28158998,-0.3465164,0.9109608
279,-0.91230994,1.1959463,0.09973278,2.6108165
280,1.4007672,1.0742059,-1.4372387,0.75278044
281,0.5268805,0.45343918,-0.23568723,0.84993255
282,1.3956107,-0.7995268,0.31396264,0.19122468
283,0.87354803,0.86826396,-0.89626765,1.0714512
284,0.63131166,0.15447827,-0.08907397,1.0147182
285,1.7487198,-0.007025238,-0.6799205,0.18320008
286,-0.012327388,-0.43247843,0.905809,1.2943279
287,0.2492964,-0.9044373,1.1857872,0.77661586
288,0.85133415,0.17123339,-0.26301208,0.5986158
289,0.17173727,0.75094736,-0.37093148,1.3451357
290,0.17118227,0.4595309,-0.002369834,1.5422107
291,0.093753725,-0.41154295,0.7766244,1.0038291
292,1.2284577,0.6630585,-0.93360037,0.7995373
293,0.8649287,0.81247365,-0.8284256,1.0201885
294,0.88772523,0.46387702,-0.5543287,0.8259002
295,1.5187672,0.30460548,-0.75762755,0.5625567
296,0.7321151,0.6565104,-0.5483815,1.2809626
297,0.50619465,1.2785339,-1.0032117,1.527536
298,1.3548446,-0.8097791,0.31041408,0.007501304
299,0.4438845,0.37330264,-0.2079382,0.8592409
300,0.24266762,0.16265218,0.10412482,0.96946716
301,0.6719923,0.5824286,-0.51708245,1.0970919
302,-0.005476266,-0.3136971,0.7802733,1.133135
303,0.5001306,0.25485772,-0.14306709,0.76702714
304,-0.36936498,-0.89118254,1.5668511,1.3295768
305,0.9934593,0.81252664,-0.92383796,0.9162661
306,0.88674927,-0.40129763,0.26277074,0.58640575
307,-0.023885868,-0.323183,0.8014902,1.3113198
308,-0.90369964,0.3844552,0.8169683,2.1933296
309,0.28113616,0.85975444,-0.5387741,1.2029415
310,1.2864286,-1.4558965,0.9527722,-0.70372814
311,1.012965,0.59121156,-0.75039494,0.82430494
312,1.3923421,1.3532938,-1.7361416,0.5964402
313,0.5494836,-0.26123035,0.33401784,0.92670166
314,0.20557295,-0.63700724,0.9490276,0.8883116
315,0.8026142,-0.0849213,0.041518472,0.9357177
316,0.5832326,1.0829259,-0.84512824,1.4542931
317,0.16924067,-0.6304276,0.98018074,1.0951123
318,1.134512,-0.6209973,0.31995386,0.4405048
319,0.97444975,-0.5114297,0.30008072,0.47430575
320,0.93587416,-0.3924653,0.16458863,0.32191205
321,0.2992644,0.11490528,0.18611157,1.2649337
322,0.40507644,0.82309383,-0.6452653,1.1041757
323,0.63045365,-0.92069626,0.9059951,0.59822065
324,0.56189966,-0.4572385,0.5238783,0.76238805
325,0.769236,0.582416,-0.55390894,1.1737243
326,0.6041715,0.9658272,-0.8741684,1.0125585
327,1.0720989,0.1275893,-0.35052174,0.51273155
328,-0.5846043,0.42443806,0.34463143,1.4398179
329,1.0906259,-0.24021524,-0.048859373,0.4245674
330,0.6460728,0.4019118,-0.3372967,1.0353861
331,0.8729213,-0.53703916,0.3937675,0.4698553
332,0.54852235,-0.12922326,0.18910795,0.7695472
333,0.3561886,1.0619781,-0.87572855,1.0623832
334,0.638829,-1.2598723,1.2042307,0.22980998
335,0.17535083,-0.07490586,0.4308795,1.1583624
336,1.272,-1.0092145,0.5488283,0.024840862
337,0.9748581,0.69465214,-0.77451754,1.0209515
338,1.705272,1.5441015,-2.0533657,0.66926026
339,1.1873178,-0.52226186,0.12831518,0.05247931
340,-0.36591852,-0.088190794,0.81337994,1.6751095
341,0.27881464,-0.63982284,0.90399045,1.2205374
342,0.64338803,-0.042246677,0.106796406,0.8473815
343,0.578954,0.5049815,-0.48824254,0.6120254
344,0.90734917,-0.34424573,0.18284214,0.7210938
345,0.7309586,-0.11346635,0.069657505,0.8882755
346,0.5938545,0.69910717,-0.6961143,0.8861977
347,-0.6446965,0.09735778,0.8419524,1.8508117
348,1.0734674,-1.054468,0.7453161,0.23029108
349,0.6804853,-0.74450284,0.7066025,0.71780705
350,0.10484487,-0.12251785,0.46834695,1.1741765
351,1.2264365,-0.66756713,0.22207993,-0.9351144
352,0.15425086,0.29159594,0.12034241,1.4781225
353,0.36938334,-0.039502513,0.25241026,1.0234089
354,2.0828428,-0.59229875,-0.34037086,-0.60577387
355,0.5184357,0.14975388,0.023993034,1.3208662
356,0.5648446,-0.229829,0.33283743,0.8754263
357,1.2334003,-0.07749821,-0.2711849,0.57094234
358,0.3448165,0.36586863,-0.10095239,1.2712666
359,1.5688497,0.6330895,-1.1976033,0.27976787
360,0.8910843,0.532567,-0.57344574,0.8347547
361,1.5604254,0.17102095,-0.720949,0.27549738
362,0.6205539,-0.82434183,0.8255125,0.76333517
363,0.21485977,-0.16039619,0.49060604,1.2952363
364,-0.19068064,-0.76870835,1.3793023,1.4014671
365,0.7288253,0.371984,-0.40521815,0.8036251
366,-0.20604296,-0.031381503,0.63268405,1.5130106
367,1.4245092,1.1469898,-1.5917912,0.54069585
368,0.8923729,-0.5595481,0.40787652,0.64108694
369,0.18825912,-0.41712034,0.75213647,1.17707
370,-0.07014406,0.6673725,-0.08406139,1.7609711
371,0.21257433,0.32589656,0.029327206,0.93687034
372,0.2078787,0.3167569,-0.0013016444,1.2008994
373,1.6400971,0.5878698,-1.2451316,0.3567847
374,-0.6491118,0.13627669,0.7326931,1.6072038
375,1.3119781,-0.06096067,-0.31631,0.5646099
376,-0.735313,0.3711748,0.6470075,1.9726152
377,0.82070327,-0.4560272,0.35637468,0.6718588
378,1.0974513,-0.63497835,0.33235422,0.3372168
379,1.8407995,-0.06580768,-0.7151603,0.08486022
380,0.30826312,1.2950848,-1.000916,1.3238577
381,2.246439,-0.8248541,-0.25130847,-0.8761795
382,0.2962254,-0.69809943,0.9377847,0.9959079
383,0.6189663,1.3412857,-1.1757293,1.3564092
384,0.105987206,0.03534556,0.3869188,1.4568936
385,-0.03628649,0.37407702,0.1392008,1.4394809
386,0.26848254,1.0694858,-0.710958,1.481722
387,0.89388,0.45660055,-0.5296386,0.91454375
388,0.9430097,-0.22459243,0.07484797,0.5975998
389,1.3571913,-0.8255584,0.31014508,-0.018045679
390,-0.43238163,0.90877056,-0.028481357,2.0605433
391,0.7442595,-0.7592417,0.73182994,0.802186
392,1.6397135,1.441409,-2.0161314,0.4829399
393,1.492673,-0.04472153,-0.44061536,0.45546353
394,1.2923553,-1.0605724,0.59232,-0.6015399
395,-0.10398592,0.4524408,0.15720823,1.6936922
396,0.5388105,-0.119191855,0.26393935,1.0046998
397,1.1585034,-0.16731161,-0.15066996,0.47999036
398,0.6185667,-0.09198369,0.15681624,0.87453973
399,0.7982685,2.0902174,-2.0502875,0.96608675
400,1.1022295,-0.8263763,0.4895189,0.3340153
401,-0.038825087,0.21463896,0.39183173,1.7567594
402,0.77971816,-0.1797803,0.12952092,0.8225596
403,0.38558066,-0.39926684,0.54313797,0.8518406
404,0.6291193,-1.1763867,1.1278985,0.106364
405,0.5509398,0.88577116,-0.7780689,0.9519706
406,-0.014557272,-0.67201823,1.1214464,1.1761047
407,0.6195614,0.026754282,0.0036396813,0.89365077
408,1.7773145,-0.8819584,0.16935623,-0.06696734
409,1.3112055,-0.2829665,-0.13860422,0.40414834
410,0.25596303,0.1740313,0.1293683,1.2725999
411,0.42676413,-0.5645754,0.70786506,0.9754677
412,0.5739582,-0.4699338,0.52210325,0.87701344
413,1.6619079,-0.38239098,-0.3184437,-0.10623453
414,2.1738954,-0.31345558,-0.71817064,-0.320281
415,0.09453429,-0.34964067,0.73560226,1.1585765
416,1.1604031,-0.21014617,-0.07357773,0.4110601
417,1.7004461,2.1498792,-2.701686,0.52167886
418,1.2194531,-0.1795118,-0.20035467,0.4167211
419,0.6003063,0.51772267,-0.43169582,0.71510327
420,-0.7143045,-0.14788935,1.097461,1.667974
421,-0.48617637,0.72616184,0.11549408,1.7166947
422,1.4733263,-0.24712388,-0.2766699,-0.11262117
423,0.87689793,-1.010651,0.837495,0.2903275
424,0.893702,-0.3750115,0.2606347,0.55706036
425,1.3134549,1.341411,-1.6650866,0.7142432
426,0.5130191,0.6216136,-0.4506766,1.1220437
427,0.629052,0.90337294,-0.7852488,1.2542329
428,0.4099577,0.922384,-0.6338148,1.4875621
429,-0.5714948,0.69182277,0.24900064,2.0724704
430,0.15369242,0.35397267,0.08523032,1.4839102
431,-0.21882586,-0.5764412,1.1515378,1.0475779
432,-0.2694565,-0.3548233,0.97438425,1.4411992
433,1.7415552,0.6004226,-1.2286793,0.44466227
434,-0.4307778,-0.4001289,1.1710078,1.7566768
435,1.5558896,-0.451694,-0.12353748,0.16676904
436,0.21889764,0.40560615,0.0030676108,1.5673314
437,0.84414756,-0.20999579,0.10859311,0.6848009
438,0.5443659,0.19222756,-0.10607932,1.0819615
439,1.2612023,0.50009066,-0.8510193,0.59541726
440,0.106147125,-0.54134583,0.9345059,1.2118719
441,-0.09094757,-0.43082702,0.9032058,1.2051244
442,0.5404168,-0.40133238,0.5305833,1.0071933
443,0.31164843,0.59242034,-0.2969409,1.4080491
444,-0.3738832,0.70313144,0.05596119,1.6354916
445,1.654853,-0.274893,-0.4021719,-1.0534924
446,0.8669018,-0.0910295,-0.037859492,0.57687527
447,0.39034265,-0.12298923,0.25686637,0.71691865
448,-0.056670487,-0.28022438,0.7733241,1.4095026
449,-0.32847077,0.029938452,0.66094416,1.4207467
450,0.37153333,-0.20585252,0.41668934,1.0558565
451,-0.15581244,0.5357103,-0.07169948,1.094667
452,0.23348558,0.20644212,0.103636235,1.1190403
453,2.0855854,1.1387185,-2.0076377,0.123700395
454,0.9194511,0.05143545,-0.28012335,0.15516032
455,0.26887578,-0.25523046,0.49325344,0.947191
456,-0.041588627,-0.2561434,0.7501218,1.4416268
457,0.8183101,-0.3251173,0.30038223,0.7075549
458,2.2060792,0.85693574,-1.7626665,0.24905775
459,1.7244945,1.2797973,-1.8733764,0.38851178
460,-1.047728,0.2632795,0.98318446,2.2197359
461,1.4078919,-0.6458473,0.123467825,0.00079861283
462,0.6024607,2.3295224,-1.9934132,1.3226573
463,0.7845544,-0.5435305,0.4397129,0.59285784
464,-0.5873861,1.1403607,-0.27077687,1.6665357
465,-0.47181618,-0.7751016,1.4962764,1.1434934
466,-0.5202472,1.4597487,-0.5390578,1.9639428
467,0.8056021,0.23895939,-0.2962056,0.8222306
468,0.5513488,-1.2595953,1.2914197,0.30381483
469,0.5352451,-0.15207872,0.2844672,1.1340472
470,0.64104724,-0.45236355,0.48787907,0.8458587
471,1.0274537,0.70527107,-0.8135884,0.8936453
472,1.2590616,0.41258967,-0.7551087,0.59383667
473,1.6567357,0.75767165,-1.3035033,0.56526524
474,1.8231813,1.3697615,-1.9803526,0.5723222
475,1.199327,-0.36875135,0.037749548,0.4376561
476,-0.43382156,-0.26251516,1.0523683,1.7059098
477,0.49982095,0.22155915,-0.012563468,1.2888173
478,1.7481033,0.6350611,-1.2708614,0.42271608
479,0.02256196,0.5405233,-0.087193616,1.2385604
480,1.983744,0.7738428,-1.5622979,-0.05992666
481,0.12946302,0.3300866,0.02034619,0.95975614
482,0.8945472,-2.2081556,1.9272736,-0.8921486
483,1.8659282,-0.9574037,0.15639535,-0.36325437
484,-0.9567144,0.0064337924,1.1350187,1.995296
485,-0.5612047,-0.8649504,1.6921394,1.6031816
486,0.9492159,-1.0807284,0.8704872,0.09283607
487,0.65361243,-0.01835691,0.07092989,0.935035
488,0.95221233,0.65013695,-0.7258302,1.0408559
489,0.21699092,-0.36540014,0.67634135,1.2739857
490,1.5298239,-0.41035372,-0.14019236,0.17706446
491,0.7093249,0.1545004,-0.16904438,0.85565805
492,1.1118715,-0.66718113,0.32211196,0.34896398
493,1.2084072,0.31828946,-0.6683844,0.5196929
494,0.8262238,-0.7293235,0.6077863,0.3536303
495,0.9397096,-0.07265816,-0.105550304,0.7216111
496,1.6723853,-0.62046456,-0.11355062,-0.11234001
497,-1.2876455,0.109939605,1.2071338,1.9569881
498,1.0571572,-0.03027791,-0.26692516,0.46782118
499,0.28007936,-0.48030066,0.7620668,1.0439258
500,1.2286016,0.60261697,-0.87272,0.7813722
501,0.9424911,-0.111133836,-0.03939557,0.9492986
502,0.19359307,-0.42574966,0.7922004,1.3791028
503,1.0498999,-0.84790593,0.58727187,0.4856614
504,0.863947,-0.94411516,0.7829686,0.58309174
505,-0.53777593,0.008257929,0.88882214,1.9835215
506,1.5787715,-0.22140972,-0.35479173,0.19275184
507,0.5708599,-0.39001328,0.4206487,0.7889104
508,1.6177377,-0.31504595,-0.25176913,-0.056919187
509,-0.47973973,-0.36085904,1.1263783,1.5020808
510,0.8769676,1.3127384,-1.37483,0.8043288
511,1.1093085,-0.32044858,-0.012403348,0.17731719
512,0.9825629,0.8312613,-0.8675722,1.2590661
513,-1.6786546,1.4235156,0.27246115,2.526355
514,0.6694411,-0.1639573,0.18010223,0.82344866
515,-0.7794168,-0.31468904,1.3117945,1.8224268
516,0.5222684,0.4385236,-0.2739922,1.2435299
517,1.9555149,-1.9953582,1.1395918,-1.1244506
518,-0.16733399,-0.2761768,0.816125,1.3682361
519,-0.8497099,0.86083806,0.25656354,2.1583512
520,0.48696142,0.3854345,-0.18735558,1.2194843
521,-1.0983279,0.84166944,0.42153263,2.4279191
522,1.4845105,0.17852922,-0.6838159,0.36331975
523,1.2185497,0.6661416,-0.88956225,0.85451245
524,0.2258129,0.1363207,0.22175843,1.4155948
525,0.2827744,0.70822895,-0.37132266,1.3303621
526,-0.49684048,0.28579253,0.5201852,1.8261616
527,1.0197765,-0.17923999,-0.062473148,0.5549905
528,-0.03081993,-0.30322707,0.77511215,1.2294859
529,0.26336277,-0.12482396,0.4287255,1.3281689
530,0.40418392,-0.449238,0.67170113,0.89474416
531,0.9788295,-0.40940493,0.14189038,0.3810199
532,-0.20145358,0.936505,-0.38578126,1.134892
533,0.68312883,-0.8543817,0.82630414,0.50380164
534,-0.010333441,0.25161946,0.23426467,1.3542782
535,-0.04295087,-1.1109399,1.55142,1.2051878
536,0.50391424,0.08220049,0.09544036,1.0850046
537,1.6031346,-2.0450773,1.5474412,-1.6174927
538,-0.04120221,-1.5766696,1.9780108,0.96492434
539,1.6522038,-0.22038777,-0.422639,0.12769715
540,0.3674612,-0.104055196,0.35208172,1.2740456
541,0.17913724,0.33373946,-0.006503246,1.2772309
542,0.24578556,-0.7578804,1.0394534,0.86392784
543,1.1236442,-0.6553215,0.37336576,0.34925866
544,0.07180166,-0.6074605,0.93894196,0.8429227
545,0.8213133,-1.2972845,1.1140456,0.46257997
546,0.28538454,0.05281952,0.23050022,1.1943477
547,1.2399999,0.6237439,-0.94042283,0.6750047
548,1.0390432,0.43120444,-0.56231296,0.9861585
549,1.0817468,-0.057262905,-0.21733767,0.49837995
550,0.36740214,0.12417568,0.09085497,1.0829698
551,0.21482024,0.28020638,0.018776294,1.1726927
552,1.6299003,-0.07937722,-0.6950047,-0.16705282
553,-0.12264937,-0.38932437,0.9002257,1.415393
554,0.026879128,-0.07498485,0.5745793,1.4815618
555,-0.017025054,0.19551931,0.29053405,1.3074753
556,0.00526955,0.58736134,-0.088169195,1.5504295
557,0.6770077,0.18251535,-0.12698159,1.0543281
558,0.12425317,-0.89836323,1.1908176,0.8589997
559,-0.48500413,-0.44042695,1.2288667,1.7004316
560,0.24067035,-0.49858278,0.7237435,0.9534775
561,1.6001894,0.47764885,-1.1361094,0.09030788
562,0.4954664,0.5796501,-0.3517922,1.3102376
563,-0.05811277,-0.022649791,0.5940835,1.5833879
564,1.4340883,1.0321858,-1.4205868,0.7904694
565,2.0959954,-0.6852284,-0.21046922,-0.77251804
566,0.11329827,0.54386044,-0.09107411,1.4636909
567,0.41538042,0.3118176,-0.08249442,1.0969459
568,0.7153836,0.3380007,-0.28606674,1.1016397
569,0.03227661,0.9027746,-0.34883952,1.6856714
570,1.1906605,0.04181572,-0.32813215,0.4079904
571,1.0105081,-1.8357505,1.5852726,-1.2419848
572,-0.025504582,-0.8985572,1.3448219,1.2166724
573,2.1495845,-0.51560384,-0.4908712,-0.44327104
574,-0.36422706,0.17584755,0.6462329,1.9545727
575,-0.21740218,-0.12885562,0.7518759,1.4485438
576,1.2420872,1.1196368,-1.3552805,1.1141183
577,1.0184481,-0.073371395,-0.12404982,0.78584164
578,0.6340282,-0.020338738,0.07610696,0.90918255
579,1.2301778,-0.77946115,0.30792645,-0.043810472
580,0.015676118,-0.6148751,1.0276922,1.2183936
581,0.15512863,-0.30186653,0.52693504,1.0852268
582,0.92578906,-0.83384365,0.58088255,0.30503076
583,-0.07840836,-0.07254508,0.5831758,1.47183
584,0.9803259,0.46070552,-0.5918284,0.687926
585,0.068980865,0.3457455,0.14364293,1.5942078
586,0.8193438,-0.3090968,0.18395731,0.55693394
587,-0.97196496,-0.080898285,1.174327,1.8459404
588,0.33993828,0.3185712,0.006203506,1.4162734
589,1.578442,-0.8938011,0.24080393,-0.05234222
590,1.3673862,-0.9173744,0.4835616,0.06868388
591,1.8678153,-1.480944,0.689369,-1.5660186
592,0.3969326,0.42043573,-0.16098493,1.25099
593,0.5837516,-0.6304554,0.6595581,0.747379
594,0.14037293,-0.5920591,0.9530536,1.2335325
595,1.4456521,-0.04250602,-0.5124627,-0.008246601
596,0.26602954,-0.12449028,0.46503237,1.2997242
597,0.27010906,-0.36468577,0.63681555,1.1206502
598,1.0217538,0.26032484,-0.42973676,0.5456276
599,0.96778244,1.180975,-1.3289013,0.76432467
600,1.7690197,1.4044104,-2.0600846,0.4524706
601,1.016152,-0.20938393,6.483495e-05,0.6105725
602,0.7850086,0.44886875,-0.42472932,1.1112347
603,0.22670329,-0.2793129,0.5838465,1.1681051
604,1.2225286,1.5773776,-1.844931,0.93345344
605,0.3267451,0.59761363,-0.2356151,1.5858115
606,0.028829388,0.17411973,0.30343056,1.5089885
607,-0.8147207,0.8561646,0.23203671,2.1474967
608,0.9527815,0.9355421,-1.1011388,0.78523403
609,0.8067424,0.45170128,-0.48741195,0.9193152
610,0.6886626,-0.38974428,0.34723744,0.59535676
611,0.07700945,-0.8619496,1.2315255,1.0705696
612,0.7240029,0.7154289,-0.6702902,1.0440874
613,-0.4923373,0.273539,0.52349323,1.7319837
614,0.49371278,-1.7197224,1.7569884,0.13007651
615,0.041586306,-0.0039739273,0.48386887,1.5341684
616,0.94626147,-0.03974446,-0.095961235,0.74044365
617,0.7116754,-1.07198,1.0103983,0.75718564
618,0.71404946,-0.49280918,0.4525518,0.6592493
619,1.1966175,0.2042052,-0.53700936,0.5033012
620,1.1671544,-0.7379126,0.38217428,0.22464235
621,0.8789644,0.10060604,-0.19308564,0.8506274
622,1.9589365,1.3943148,-2.1956503,0.09682138
623,0.7390793,-1.3987129,1.2552159,0.41233128
624,0.9994236,0.45979327,-0.59986377,0.773109
625,0.048564576,-0.01718433,0.43026513,1.3517553
626,0.20915323,-0.66023237,0.98480666,1.207108
627,-0.44498068,-0.46153474,1.2426175,1.5845559
628,0.4277389,-0.78693604,0.9243481,1.0070617
629,0.05033862,-0.29434812,0.72012526,1.3148338
630,1.019207,-0.52043885,0.26922965,0.62053984
631,0.5815968,0.6751416,-0.7849107,0.5680766
632,0.19991696,-0.1560795,0.48539785,1.1890349
633,0.7641092,0.963413,-1.0651301,0.7694662
634,0.69347316,2.013836,-1.9656351,1.0411477
635,0.4350043,0.6813085,-0.57000476,0.630191
636,1.4838873,1.0024216,-1.4632347,0.48229814
637,0.64418775,0.8825676,-0.7599536,1.336059
638,-0.0044758245,-0.7597961,1.0851827,0.7795344
639,0.08272031,0.19812147,0.28866243,1.6002055
640,0.61567914,0.2600546,-0.26589426,0.40906894
641,1.090345,-0.27824402,0.015044838,0.39856315
642,0.23087414,0.31265366,-0.09739069,0.63855904
643,0.54646665,-0.5843485,0.674131,0.79164386
644,0.76338816,-0.70083994,0.5367182,0.014436409
645,-0.7406797,0.6487957,0.5041235,2.4358625
646,1.1622381,0.84321696,-1.0982805,0.6829252
647,0.2947091,-0.6151445,0.83775914,0.8052795
648,0.22876248,0.5432898,-0.27242723,1.0154779
649,1.2207109,0.7132552,-0.98636806,0.8321936
650,0.7167774,-1.266675,1.1696161,-0.22008961
651,1.3242254,0.25847495,-0.708185,0.267277
652,1.707108,0.7005927,-1.3567559,0.22940354
653,0.08412864,-0.26545057,0.65215886,1.2857853
654,1.2579478,-0.7954059,0.38026083,0.16908802
655,0.5690772,-0.5365634,0.560169,0.63878167
656,0.2748667,1.1942331,-1.0195965,0.81184304
657,0.28426942,-0.66914535,0.92887664,1.0387046
658,-0.4909411,0.42885834,0.45900303,1.9093928
659,0.29445818,0.5368847,-0.1922442,1.4858726
660,1.2080902,-1.2344388,0.8195003,-0.7693698
661,0.50983113,0.76304466,-0.53419495,1.4192744
662,0.26968247,-0.6980075,0.9440683,0.96271443
663,0.69598764,-0.603135,0.56966686,0.85404587
664,1.6580385,-1.6902978,0.93464017,-0.7457369
665,1.1834143,-1.1159708,0.56762755,-0.3672687
666,-0.23167725,1.7665154,-1.0341733,1.9404166
667,0.36734498,-0.18305632,0.40916127,1.1606317
668,0.9344577,-0.546797,0.29705626,0.34020776
669,1.043366,-0.60727435,0.31278998,0.3976248
670,-0.1454465,-0.22273338,0.7342163,1.3020766
671,0.78792095,0.6373194,-0.653291,0.9163004
672,1.3592159,-0.27988327,-0.2077398,0.23841892
673,1.0622711,-0.039540272,-0.20011988,0.60248077
674,0.8084147,2.07949,-2.086517,0.791059
675,0.78825676,-0.19733024,0.22028676,0.49868208
676,-1.0112805,0.46513236,0.788539,2.4218445
677,0.6501918,-0.42154133,0.4336245,0.84868646
678,-0.8713243,1.7286013,-0.41765633,2.7161062
679,1.2202857,-0.7751992,0.2974266,0.0012080669
680,0.5525295,-0.1326854,0.23174506,0.8727989
681,-0.14110531,-0.76740843,1.2575035,1.2243536
682,1.5002582,-1.3608567,0.6961698,-0.73581356
683,0.3431514,-0.54879963,0.7796327,0.93699956
684,-0.05188047,-0.36173642,0.8635563,1.5266882
685,0.023637488,-0.34900278,0.82069004,1.2339618
686,0.985127,-0.42921448,0.21784553,0.42138213
687,0.8623129,0.47568446,-0.5543581,0.9181967
688,0.32714128,0.26433516,-0.019302646,1.0834253
689,1.3750391,-1.2765456,0.74531174,-1.2312164
690,0.7942627,0.5616344,-0.6495322,0.6614617
691,0.5711509,0.8235487,-0.5991176,1.5677918
692,-0.18925728,-0.6775977,1.1824452,1.2693665
693,0.92499727,0.4582408,-0.5689725,0.8748528
694,1.1313585,-0.33750373,-0.016167259,0.17471822
695,0.40628242,0.11215471,0.099725395,0.9229971
696,0.8580265,-0.62319463,0.4762434,0.6285714
697,0.18372345,-0.057482883,0.42945933,1.4033151
698,-0.26638943,0.42789257,0.15856075,1.29125
699,0.31861794,-0.4352029,0.6517292,0.96385086
700,0.32887268,0.13620451,-0.0010069907,0.9936515
701,-0.023913153,-0.4551897,0.9097465,1.2599158
702,1.2830929,-0.6881356,0.2753688,-0.19545457
703,0.35807866,0.08738501,0.15485671,1.1261364
704,0.6990128,0.26511055,-0.20456368,1.1577396
705,-0.08227898,-0.055176213,0.58427954,1.5043008
706,0.27503824,0.8213872,-0.48256436,1.3397369
707,0.7598123,1.1054952,-1.1953319,0.6809849
708,-0.037931718,1.8554046,-1.1341792,2.1629303
709,0.414994,-0.05085566,0.2517811,1.0944922
710,-0.3655849,1.9169945,-1.2455024,1.2241406
711,1.2714229,-0.4772547,0.07267352,0.26983815
712,0.15695788,-0.15811509,0.5550695,1.2441516
713,1.2804022,0.5800488,-0.91063184,0.78644913
714,1.1312171,0.8058855,-1.1134132,0.30362767
715,0.674196,-0.40860093,0.31606492,0.6185878
716,0.77446395,0.42973977,-0.4920347,0.9311546
717,0.23423065,-0.789841,1.0503162,0.97360563
718,0.76061755,0.29103893,-0.48149884,0.5801932
719,1.5140038,-0.1380107,-0.4337857,0.1958745
720,-0.16400968,1.5422912,-0.77633446,2.0971627
721,1.0888592,0.82722473,-1.0648831,0.71637374
722,1.2472541,-1.5742791,1.1041565,-0.024623528
723,0.11672455,0.073881984,0.32047883,1.3732214
724,-0.25864094,-0.69688964,1.2749214,1.2903103
725,0.41968358,-0.51242393,0.62852156,0.83803284
726,-0.49137455,-0.5789208,1.3215033,1.4321193
727,1.108947,0.5987956,-0.762997,1.0415727
728,0.78440523,-0.64891773,0.4594579,0.27347487
729,0.6577221,0.5002586,-0.43684852,1.0203865
730,-0.38622588,0.688029,0.2525973,1.8355229
731,0.8962779,-0.31275362,0.18689272,0.6078468
732,1.0972922,0.63976204,-0.8470069,0.8116888
733,0.15874279,0.97755015,-0.42611602,1.95345
734,0.7619925,-0.33746725,0.28717813,0.8890513
735,0.5163737,1.3126522,-1.003979,1.6828574
736,1.6449744,0.44873834,-1.0087097,0.4197212
737,0.56385493,0.4104718,-0.2616376,1.2976569
738,0.59231615,0.67275244,-0.5335611,1.2183193
739,-0.2803908,1.0786463,-0.25598606,2.0227594
740,0.9486086,0.51064116,-0.64733917,0.89932215
741,1.0100859,-0.41006905,0.21708703,0.4958284
742,1.280962,-0.12478949,-0.2786544,0.40000457
743,1.73558,0.15774363,-0.8754687,0.13481335
744,0.45552182,1.3199594,-0.98874575,1.4981446
745,-1.5128374,0.8938412,0.71780396,2.41848
746,-0.27320963,-0.10797313,0.84816605,1.8485727
747,0.9131187,0.4858665,-0.6144683,0.7729866
748,0.2043988,0.6264247,-0.3884699,0.91457474
749,-0.07770604,-0.36597008,0.87242556,1.2430036
750,0.20647424,-1.6556015,1.8542738,0.8004558
751,-0.27875298,-0.34685123,0.976257,1.3544437
752,1.2380416,0.5191045,-0.9018746,0.35738862
753,0.5149297,0.97008514,-1.0238818,0.22862838
754,1.3206208,-0.2720732,-0.1704891,0.017535016
755,-0.064830124,0.2169924,0.3109531,1.4975064
756,0.61551183,0.3399037,-0.27265158,1.1056676
757,0.73087686,-0.67879844,0.6082418,0.5509022
758,1.3195965,0.7075244,-1.1189144,0.38879532
759,0.5521684,0.32271707,-0.21061742,1.0443388
760,-0.26887733,1.5965763,-0.93445337,1.4934827
761,2.1915684,1.3900566,-2.4249737,-0.27030674
762,0.8909856,-1.24228,1.0061978,0.23830213
763,0.99377686,0.036113925,-0.2953667,-0.15850598
764,0.6371134,-0.30600268,0.28563425,0.82938886
765,0.039200343,0.64260095,-0.0866679,1.6945688
766,0.8924694,-0.0153563,-0.15806955,0.73361415
767,1.4925566,-0.53301185,-0.057721816,0.19882904
768,0.12966578,-0.3213008,0.7126113,1.2994307
769,0.8642505,-0.33527237,0.22319564,0.7062663
770,0.09266986,1.9804894,-1.3390326,2.1984136
771,1.0839143,-0.33740604,0.0494276,0.5025099
772,0.019809473,0.3254382,0.17234746,1.7960234
773,0.61949134,0.989292,-0.86676025,1.2921093
774,0.50340176,0.38732672,-0.20322695,1.2650084
775,0.431387,-0.14765462,0.2685123,0.68098694
776,-0.05098412,-0.8947847,1.3462019,1.1452811
777,1.4712639,1.2669435,-1.7384343,0.4906565
778,0.076125205,-0.34120888,0.761561,1.3647306
779,1.3596336,-1.6527419,1.1538024,-1.2076583
780,0.8228391,-0.943896,0.7275598,0.42090178
781,0.6457501,-1.3382437,1.233005,0.39070338
782,-0.03570217,-0.23648335,0.75180066,1.5000287
783,0.097856775,0.47664362,0.06797697,1.794913
784,-0.031176813,1.3616632,-0.8593957,1.385251
785,1.1486878,0.89942044,-1.0732448,1.0610968
786,1.6741554,-0.9987032,0.29501912,-0.42339993
787,0.9442068,1.5182344,-1.6609102,0.93310285
788,-0.13155188,-0.5981816,1.1110325,1.2329905
789,-0.30441564,1.7327023,-0.8629873,2.1268165
790,1.1841844,-0.49301726,-0.048963066,-0.1459547
791,1.5268017,-0.2225147,-0.35323596,0.33499396
792,1.1939973,0.0009141192,-0.3841765,0.39509314
793,0.7353669,1.7048383,-1.5533137,1.592014
794,0.4124111,0.7158342,-0.33379772,1.6996789
795,0.1963476,0.20109397,0.16065133,1.311563
796,1.3107065,-0.8168542,0.40074924,0.28931695
797,0.51953477,-0.522598,0.5621149,0.593287
798,0.93292934,-0.54703194,0.35440573,0.56387657
799,1.0717075,0.09237753,-0.3379654,0.47321868
800,-0.23411597,0.060146876,0.6102266,1.6086438
801,-0.7058826,0.8823862,0.11761268,2.1178532
802,0.7094853,0.68909454,-0.6527671,1.1279788
803,-0.38960743,1.0542144,-0.20757663,2.107758
804,-0.18296905,0.5685349,0.108533554,1.5098187
805,-0.1531006,0.6220097,-0.1070298,1.3897793
806,-0.45103103,0.43892485,0.2687825,1.4012728
807,0.054772273,0.27757263,0.16376299,1.2007798
808,1.1680068,0.2886021,-0.6793167,0.07402845
809,0.607509,0.2208894,-0.1259159,1.2195836
810,1.5150924,0.1027783,-0.6492879,0.07647137
811,-1.0667317,0.37262833,0.9177513,2.375612
812,0.48784357,0.40725875,-0.21408668,1.3103476
813,0.47658235,0.16575857,-0.030368596,1.1353842
814,0.77524567,-1.0994905,0.9728857,0.45164818
815,-0.09409228,0.50946325,0.11242757,1.6361641
816,1.2505546,0.72087336,-1.0454624,0.7786495
817,1.5163162,-0.25248063,-0.21195379,0.31416392
818,0.93632454,0.98751414,-1.0087247,1.2512609
819,1.1698655,0.47819138,-0.7614614,0.9061878
820,1.3564453,-0.6338366,0.10475736,0.038446352
821,0.15549555,0.97873044,-0.46062234,1.7910805
822,0.7480697,-0.10185082,0.04834421,0.6572051
823,0.059926335,-0.110826425,0.5419018,1.4864931
824,0.39889407,0.5907291,-0.27348724,1.5994178
825,1.7586664,0.5068954,-1.1547643,0.3806386
826,0.14772937,-0.84504074,1.1119034,0.80419564
827,-0.14742655,-0.48664093,0.9812348,1.181046
828,0.27396232,0.31109852,-0.003021242,1.2744492
829,-0.070864215,0.3370903,0.21756917,1.6128565
830,-0.6863173,1.6738384,-0.5300598,2.3922582
831,0.66262466,-0.4371996,0.43382773,0.78170794
832,0.94099957,0.3122772,-0.43323758,0.8613584
833,0.16143654,-0.16350156,0.4335289,0.93636215
834,2.135081,-0.33311224,-0.63025624,-0.83699346
835,0.2670313,0.35538256,-0.0132117495,1.3397077
836,0.8071175,-0.7805226,0.67348045,0.6355252
837,0.7132289,-0.10744501,0.004900843,0.38512975
838,1.0061917,-0.15184017,-0.17627546,0.4472292
839,0.59206694,-1.1303786,1.1441996,0.5810459
840,0.42790955,-0.47736198,0.60573035,0.8807334
841,1.3953652,0.3555087,-0.7824167,0.616789
842,0.46815026,1.7021307,-1.414738,1.6030111
843,-0.08138849,0.67663026,-0.14605768,1.2350552
844,0.52735305,0.092638224,0.03996111,1.0570215
845,0.016993634,0.5103402,-0.060061183,1.4452833
846,-0.45935297,-0.4608342,1.2142413,1.6654898
847,0.8475362,-0.30669636,0.23727557,0.7914292
848,-0.700971,1.3354555,-0.14181103,2.5557666
849,0.789846,0.010006916,-0.08090077,0.74343204
850,0.31863815,1.0120114,-0.6000331,1.7176383
851,0.9577813,0.086838156,-0.25682974,0.7432822
852,0.010987341,0.43826926,0.046261527,1.6032839
853,-1.1142564,1.6718178,-0.31505215,2.724127
854,1.4483992,0.8626488,-1.2983513,0.6353865
855,0.8452097,-0.6318353,0.5064067,0.53485405
856,0.16340026,1.0901605,-0.7037369,1.2662396
857,0.003543876,-0.46489918,0.89310896,1.3153492
858,0.30568227,-0.48072368,0.71858776,1.0822178
859,2.059465,0.44719356,-1.3328271,-0.07545258
860,0.73636883,1.4700418,-1.3273778,1.5268286
861,-0.04223986,0.14984901,0.3532669,1.4680884
862,-0.02826313,0.45588773,-0.019278467,1.2201319
863,1.0008185,0.007608108,-0.23208964,0.6380019
864,-0.40632594,0.33895648,0.48140386,1.9913399
865,-0.42100328,0.037262507,0.8410131,1.9014542
866,-0.0022787377,-0.09844245,0.5062138,1.1945571
867,0.3402449,0.13378197,0.12093296,1.428704
868,0.51904064,-0.2311952,0.3600743,0.9611374
869,-0.6476024,1.2799939,-0.23459113,2.1490686
870,0.35865098,0.030122973,0.26959756,1.3801473
871,0.85104257,0.4249357,-0.45007852,0.976231
872,0.1817311,0.102611974,0.2654423,1.3741007
873,1.622649,1.6501607,-2.1574109,0.66837525
874,0.62109417,-0.16171858,0.21706563,0.9952749
875,0.41321892,0.6067034,-0.33154675,1.2054276
876,0.7190163,0.27885425,-0.36503732,0.5669006
877,0.56577295,0.14937669,-0.018405043,1.1465914
878,1.0367404,1.3133864,-1.4153228,1.0888788
879,1.3820845,0.2813248,-0.7696067,0.002128601
880,-0.6692076,-0.74176127,1.6787177,1.7646691
881,0.11852257,0.07333841,0.35965854,1.3852062
882,1.9089965,-0.29780775,-0.5110745,-0.21696742
883,1.3683035,0.24479242,-0.7669423,-0.01437892
884,0.9122266,0.059088625,-0.21962568,0.6792949
885,0.04454708,-0.47498584,0.9063424,1.269172
886,0.83667314,0.45296144,-0.47544473,1.1547804
887,0.870951,-1.1429923,0.9783619,0.555448
888,2.197439,-1.6114634,0.7397332,-1.7927997
889,0.0275992,-0.22249763,0.71277195,1.182152
890,1.8610753,-0.63157254,-0.15704465,-0.18866336
891,0.5561138,0.07705779,0.038549807,1.1224641
892,0.7589121,-0.8200381,0.7391781,0.45018172
893,2.014945,-0.025798587,-0.85687166,-0.23264211
894,-0.25014853,-0.29393363,0.9231921,1.4977677
895,0.2651587,-0.25761354,0.5546904,1.2003253
896,1.1522458,0.5639837,-0.8423941,0.42431033
897,0.7041471,0.9158344,-0.8769978,1.0858498
898,1.2032598,-0.2654028,-0.08661555,0.39220726
899,0.71848166,-0.94458133,0.8562898,0.48502308
900,1.1006004,0.2984807,-0.6909535,0.14309157
901,0.09554006,0.52215374,-0.1200721,1.0474792
902,0.46705848,-0.7829702,0.9100655,0.8069663
903,-0.28264815,-0.21981011,0.94862676,1.7831775
904,0.34621418,-0.2743565,0.49094257,1.0279207
905,-0.41716677,-0.44190013,1.2009366,1.6211349
906,0.011529967,1.5228257,-0.9133898,1.8385973
907,-0.020439863,1.5520508,-0.9602658,1.7710454
908,-0.41188395,0.8982426,0.011836942,1.8723986
909,1.0516126,-0.2751218,0.0082474,0.50190884
910,0.61977714,0.83180946,-0.8287237,0.7063564
911,-0.49064642,-0.76137584,1.5448436,1.5930073
912,1.4997048,-0.5487467,0.017587718,0.15097873
913,0.011285562,-0.8083007,1.2263376,1.0596747
914,0.9026033,-0.052417405,-0.030785494,0.8652097
915,0.46462005,-0.9047807,1.0311358,0.8350681
916,0.7300405,-0.39168078,0.3729281,0.73787344
917,0.110028625,-0.5849669,0.97261727,1.0304487
918,1.8989772,-0.40161747,-0.41487256,-0.14609802
919,1.1778599,1.2022461,-1.4633765,0.79950106
920,1.7004956,0.24509881,-0.9520877,0.034018457
921,1.5697992,0.2606815,-0.87675023,0.18005435
922,0.16323468,0.025410868,0.3637899,1.2464689
923,1.1490458,0.7818681,-1.0233288,0.81709266
924,0.72349656,-0.3549146,0.35101944,0.82788706
925,1.2937022,-0.24567258,-0.114338696,0.5269585
926,0.63893175,0.27029783,-0.23469189,0.68620634
927,0.54976857,-0.8283998,0.8557811,0.5344707
928,0.1804421,-0.32593447,0.6291101,1.2218577
929,-0.41580933,-0.9981606,1.6623908,1.385474
930,1.6712548,-0.3187517,-0.45883664,-0.362449
931,-0.17155457,-0.82733667,1.3627889,1.1405967
932,-0.043439038,-0.06596476,0.38579702,0.35519332
933,2.166688,-0.32161075,-0.64540577,-0.3627997
